               epoch,      train/box_loss,      train/obj_loss,      train/cls_loss,   metrics/precision,      metrics/recall,     metrics/mAP_0.5,metrics/mAP_0.5:0.95,        val/box_loss,        val/obj_loss,        val/cls_loss,               x/lr0,               x/lr1,               x/lr2
                   0,              0.1282,            0.041268,                   0,           0.0033333,            0.086957,            0.005637,           0.0014704,             0.13525,            0.031894,                   0,              0.0982,              0.0002,              0.0002
                   1,             0.12326,            0.044611,                   0,           0.0033333,            0.086957,           0.0057015,           0.0014786,             0.13286,            0.031091,                   0,            0.095498,          0.00049752,          0.00049752
                   2,             0.11925,            0.038386,                   0,           0.0066667,             0.17391,           0.0082976,           0.0023174,             0.12808,            0.030482,                   0,            0.092792,          0.00079208,          0.00079208
                   3,             0.11644,            0.045092,                   0,           0.0066667,             0.26087,           0.0096758,            0.002482,              0.1188,            0.030207,                   0,            0.090084,           0.0010837,           0.0010837
                   4,             0.11196,            0.043399,                   0,           0.0044444,             0.17391,            0.016923,            0.005119,             0.10328,            0.030253,                   0,            0.087372,           0.0013723,           0.0013723
                   5,             0.10307,            0.037193,                   0,           0.0055556,             0.21739,            0.013887,           0.0044392,            0.085866,            0.030959,                   0,            0.084658,           0.0016579,           0.0016579
                   6,            0.091099,            0.043236,                   0,            0.080352,             0.17391,            0.049557,            0.020037,            0.070283,            0.031652,                   0,            0.081941,           0.0019406,           0.0019406
                   7,            0.093261,             0.05449,                   0,            0.061267,             0.17391,            0.047934,            0.022562,            0.068365,            0.030997,                   0,             0.07922,           0.0022203,           0.0022203
                   8,            0.089781,            0.048111,                   0,             0.14185,             0.30435,             0.18369,            0.044414,            0.065022,            0.029773,                   0,            0.076497,            0.002497,            0.002497
                   9,            0.086987,            0.049009,                   0,             0.45127,             0.43478,             0.34892,            0.094092,            0.059992,            0.029588,                   0,            0.073771,           0.0027708,           0.0027708
                  10,            0.084973,            0.053293,                   0,             0.38514,             0.43478,             0.42725,             0.13117,             0.05765,            0.028015,                   0,            0.071042,           0.0030416,           0.0030416
                  11,            0.081424,            0.047991,                   0,             0.44929,             0.65217,             0.51687,             0.17317,            0.056287,            0.027171,                   0,            0.068309,           0.0033094,           0.0033094
                  12,            0.080131,             0.04816,                   0,             0.23606,             0.65217,             0.30878,            0.071504,            0.058781,            0.025369,                   0,            0.065574,           0.0035743,           0.0035743
                  13,            0.081738,            0.050223,                   0,             0.17699,             0.26087,            0.095809,            0.034314,            0.066792,            0.024352,                   0,            0.062836,           0.0038362,           0.0038362
                  14,             0.06685,            0.037389,                   0,             0.36668,             0.47826,             0.39425,             0.15264,            0.072868,            0.026492,                   0,            0.060095,           0.0040951,           0.0040951
                  15,            0.075768,            0.033686,                   0,             0.41406,             0.56522,             0.36243,             0.12825,            0.058224,            0.026227,                   0,            0.057351,            0.004351,            0.004351
                  16,            0.072207,            0.039622,                   0,             0.65072,             0.56709,             0.64356,             0.26219,            0.051864,            0.025663,                   0,            0.054604,            0.004604,            0.004604
                  17,            0.067862,            0.037954,                   0,             0.61364,             0.56522,             0.55683,             0.15159,            0.059932,            0.023038,                   0,            0.051854,            0.004854,            0.004854
                  18,            0.078233,            0.043483,                   0,             0.55392,             0.56522,             0.55616,             0.12417,            0.062391,            0.021749,                   0,            0.049101,            0.005101,            0.005101
                  19,            0.069416,            0.036057,                   0,             0.54813,             0.56522,              0.5993,             0.30982,            0.056375,            0.022152,                   0,            0.046345,           0.0053451,           0.0053451
                  20,            0.074782,            0.036096,                   0,              0.3779,             0.56522,              0.4299,             0.12312,            0.058734,            0.020405,                   0,            0.043586,           0.0055862,           0.0055862
                  21,            0.067952,            0.034824,                   0,             0.68907,             0.57859,             0.63732,             0.35713,            0.054781,            0.018843,                   0,            0.040824,           0.0058243,           0.0058243
                  22,             0.06984,            0.031458,                   0,             0.36387,             0.78261,             0.35747,             0.15103,             0.05716,            0.017894,                   0,            0.038059,           0.0060595,           0.0060595
                  23,            0.068435,            0.038146,                   0,              0.4882,             0.69565,             0.59267,             0.23293,            0.052451,             0.01856,                   0,            0.035292,           0.0062917,           0.0062917
                  24,            0.070287,            0.041729,                   0,             0.57334,             0.65217,             0.58832,             0.13223,            0.051129,            0.018594,                   0,            0.032521,           0.0065209,           0.0065209
                  25,            0.063851,            0.042518,                   0,             0.72335,             0.56522,             0.66384,             0.28645,             0.06683,            0.019036,                   0,            0.029747,           0.0067471,           0.0067471
                  26,            0.075379,            0.038386,                   0,             0.16626,             0.52174,             0.19264,            0.070357,            0.059004,             0.01926,                   0,             0.02697,           0.0069704,           0.0069704
                  27,            0.061539,            0.031276,                   0,              0.5327,             0.73913,             0.64667,             0.32115,            0.059628,            0.018553,                   0,            0.024191,           0.0071907,           0.0071907
                  28,             0.06464,            0.034564,                   0,              0.5327,             0.73913,             0.64667,             0.32115,            0.059628,            0.018553,                   0,            0.021408,            0.007408,            0.007408
                  29,            0.064856,            0.034611,                   0,              0.8574,              0.6087,             0.76764,             0.37365,            0.056968,            0.018269,                   0,            0.018622,           0.0076224,           0.0076224
                  30,            0.066642,            0.033514,                   0,             0.69492,             0.69565,             0.73401,             0.29805,            0.058172,            0.018255,                   0,            0.015834,           0.0078338,           0.0078338
                  31,            0.068202,            0.031848,                   0,             0.81046,              0.6087,             0.75388,             0.34432,            0.044379,            0.018025,                   0,            0.013042,           0.0080422,           0.0080422
                  32,            0.054012,            0.038381,                   0,             0.81046,              0.6087,             0.75388,             0.34432,            0.044379,            0.018025,                   0,            0.010248,           0.0082477,           0.0082477
                  33,            0.054139,            0.042834,                   0,             0.84906,             0.73395,              0.8007,             0.46056,            0.044701,            0.017472,                   0,           0.0083665,           0.0083665,           0.0083665
                  34,            0.055898,             0.03586,                   0,             0.74628,             0.56522,             0.65547,             0.29354,            0.052332,            0.017992,                   0,           0.0083665,           0.0083665,           0.0083665
                  35,            0.059189,             0.03226,                   0,             0.75619,             0.56522,             0.68164,             0.18575,            0.054611,             0.01735,                   0,            0.008317,            0.008317,            0.008317
                  36,            0.066053,            0.035478,                   0,             0.75619,             0.56522,             0.68164,             0.18575,            0.054611,             0.01735,                   0,           0.0082675,           0.0082675,           0.0082675
                  37,            0.060761,            0.039627,                   0,             0.84831,              0.7298,              0.7963,             0.52768,            0.044281,            0.017329,                   0,            0.008218,            0.008218,            0.008218
                  38,            0.054556,            0.036101,                   0,             0.60528,             0.73357,              0.6836,             0.27869,            0.058746,            0.020326,                   0,           0.0081685,           0.0081685,           0.0081685
                  39,            0.066448,            0.032223,                   0,             0.67766,             0.69565,             0.68983,             0.35284,            0.043827,            0.017292,                   0,            0.008119,            0.008119,            0.008119
                  40,            0.058168,            0.031969,                   0,             0.67766,             0.69565,             0.68983,             0.35284,            0.043827,            0.017292,                   0,           0.0080695,           0.0080695,           0.0080695
                  41,            0.058229,            0.037116,                   0,             0.68571,             0.69565,              0.7441,             0.43139,            0.038045,            0.016372,                   0,             0.00802,             0.00802,             0.00802
                  42,            0.054263,            0.030606,                   0,             0.39671,             0.85789,             0.56029,             0.30614,            0.049421,             0.01613,                   0,           0.0079705,           0.0079705,           0.0079705
                  43,            0.061515,             0.02844,                   0,             0.56428,             0.78845,             0.67408,             0.44581,            0.036845,            0.014855,                   0,            0.007921,            0.007921,            0.007921
                  44,            0.053452,            0.035148,                   0,             0.56428,             0.78845,             0.67408,             0.44581,            0.036845,            0.014855,                   0,           0.0078715,           0.0078715,           0.0078715
                  45,            0.047078,              0.0332,                   0,             0.69228,              0.7825,             0.66897,             0.35164,            0.037278,            0.015001,                   0,            0.007822,            0.007822,            0.007822
                  46,            0.048713,            0.032794,                   0,             0.54628,              0.7853,             0.59882,             0.30911,            0.036605,            0.015193,                   0,           0.0077725,           0.0077725,           0.0077725
                  47,            0.049895,            0.032531,                   0,             0.48152,             0.69565,             0.60593,               0.245,            0.045827,            0.015194,                   0,            0.007723,            0.007723,            0.007723
                  48,            0.056081,            0.030221,                   0,             0.48152,             0.69565,             0.60593,               0.245,            0.045827,            0.015194,                   0,           0.0076735,           0.0076735,           0.0076735
                  49,            0.042916,            0.032447,                   0,             0.52056,             0.65217,             0.62871,             0.37178,            0.038445,            0.014678,                   0,            0.007624,            0.007624,            0.007624
                  50,            0.048862,            0.036692,                   0,             0.80485,             0.71778,             0.78697,             0.43501,            0.035323,            0.015131,                   0,           0.0075745,           0.0075745,           0.0075745
                  51,            0.045107,            0.028603,                   0,             0.49908,             0.73913,             0.56009,             0.24344,            0.047226,             0.01482,                   0,            0.007525,            0.007525,            0.007525
                  52,            0.054306,            0.029103,                   0,             0.49908,             0.73913,             0.56009,             0.24344,            0.047226,             0.01482,                   0,           0.0074755,           0.0074755,           0.0074755
                  53,            0.050175,            0.026183,                   0,              0.5163,             0.69565,             0.67469,             0.31473,            0.037438,             0.01404,                   0,            0.007426,            0.007426,            0.007426
                  54,            0.045601,            0.026285,                   0,             0.68578,             0.66461,             0.66983,             0.49343,            0.039822,            0.013537,                   0,           0.0073765,           0.0073765,           0.0073765
                  55,             0.04696,             0.03737,                   0,             0.43845,             0.65217,             0.55113,             0.26653,            0.040999,            0.013081,                   0,            0.007327,            0.007327,            0.007327
                  56,            0.050553,            0.025306,                   0,             0.43845,             0.65217,             0.55113,             0.26653,            0.040999,            0.013081,                   0,           0.0072775,           0.0072775,           0.0072775
                  57,            0.045664,            0.028047,                   0,              0.6716,             0.71174,             0.76384,             0.43838,            0.036689,             0.01269,                   0,            0.007228,            0.007228,            0.007228
                  58,            0.046135,            0.025516,                   0,             0.52897,              0.6087,             0.56124,             0.27183,            0.040533,            0.013278,                   0,           0.0071785,           0.0071785,           0.0071785
                  59,            0.049009,            0.029248,                   0,             0.71308,             0.86957,             0.78871,             0.48203,            0.034394,            0.012979,                   0,            0.007129,            0.007129,            0.007129
                  60,            0.044508,            0.030241,                   0,             0.71308,             0.86957,             0.78871,             0.48203,            0.034394,            0.012979,                   0,           0.0070795,           0.0070795,           0.0070795
                  61,            0.041229,            0.028162,                   0,             0.70241,             0.82114,             0.70499,              0.4513,            0.034793,             0.01293,                   0,             0.00703,             0.00703,             0.00703
                  62,            0.043029,            0.024775,                   0,             0.63129,             0.65217,             0.71564,             0.34748,            0.046335,            0.013637,                   0,           0.0069805,           0.0069805,           0.0069805
                  63,            0.052094,            0.029221,                   0,             0.94658,             0.86957,             0.85677,             0.65883,            0.031199,            0.012241,                   0,            0.006931,            0.006931,            0.006931
                  64,            0.039926,            0.030087,                   0,             0.94658,             0.86957,             0.85677,             0.65883,            0.031199,            0.012241,                   0,           0.0068815,           0.0068815,           0.0068815
                  65,            0.035615,             0.02371,                   0,             0.76181,             0.69565,             0.69792,             0.48152,            0.035695,            0.011921,                   0,            0.006832,            0.006832,            0.006832
                  66,            0.040552,            0.027749,                   0,             0.49134,             0.86957,             0.66735,             0.48352,            0.036241,              0.0119,                   0,           0.0067825,           0.0067825,           0.0067825
                  67,            0.043717,            0.030238,                   0,             0.55218,             0.86957,             0.71867,             0.37733,            0.038201,             0.01157,                   0,            0.006733,            0.006733,            0.006733
                  68,            0.043828,            0.025424,                   0,             0.55218,             0.86957,             0.71867,             0.37733,            0.038201,             0.01157,                   0,           0.0066835,           0.0066835,           0.0066835
                  69,             0.03824,             0.02429,                   0,             0.89876,             0.86957,             0.84668,             0.58189,            0.029218,            0.011348,                   0,            0.006634,            0.006634,            0.006634
                  70,            0.037984,            0.031645,                   0,             0.59908,             0.86957,             0.69867,             0.45267,            0.039344,            0.011774,                   0,           0.0065845,           0.0065845,           0.0065845
                  71,            0.042804,            0.027166,                   0,             0.81725,             0.77792,             0.80668,             0.53074,            0.033131,            0.011382,                   0,            0.006535,            0.006535,            0.006535
                  72,            0.038683,            0.025376,                   0,             0.81725,             0.77792,             0.80668,             0.53074,            0.033131,            0.011382,                   0,           0.0064855,           0.0064855,           0.0064855
                  73,            0.032507,            0.024935,                   0,             0.76032,             0.86957,             0.82348,             0.53152,            0.028921,            0.011368,                   0,            0.006436,            0.006436,            0.006436
                  74,            0.037958,            0.028061,                   0,             0.93635,             0.86957,             0.86918,             0.49911,            0.034616,            0.011865,                   0,           0.0063865,           0.0063865,           0.0063865
                  75,            0.038635,            0.021729,                   0,             0.77886,             0.82609,             0.78841,             0.45042,             0.03197,            0.011967,                   0,            0.006337,            0.006337,            0.006337
                  76,            0.038094,            0.022647,                   0,             0.77886,             0.82609,             0.78841,             0.45042,             0.03197,            0.011967,                   0,           0.0062875,           0.0062875,           0.0062875
                  77,            0.032712,            0.021499,                   0,              0.9082,             0.86065,             0.87024,             0.57383,            0.026416,            0.011917,                   0,            0.006238,            0.006238,            0.006238
                  78,            0.035786,            0.022492,                   0,             0.94675,             0.86957,             0.87527,             0.49766,            0.031987,            0.012088,                   0,           0.0061885,           0.0061885,           0.0061885
                  79,            0.039382,            0.027254,                   0,             0.90802,             0.86957,             0.87498,             0.53685,            0.030305,            0.011784,                   0,            0.006139,            0.006139,            0.006139
                  80,            0.035906,            0.027092,                   0,             0.90802,             0.86957,             0.87498,             0.53685,            0.030305,            0.011784,                   0,           0.0060895,           0.0060895,           0.0060895
                  81,            0.036553,            0.022375,                   0,             0.94484,             0.86957,             0.87994,             0.62849,            0.026267,            0.011644,                   0,             0.00604,             0.00604,             0.00604
                  82,            0.035238,            0.027061,                   0,             0.86659,             0.86957,             0.85736,             0.55211,              0.0337,            0.011661,                   0,           0.0059905,           0.0059905,           0.0059905
                  83,            0.038979,            0.020175,                   0,             0.94684,             0.86957,             0.87833,             0.59054,            0.028149,            0.011813,                   0,            0.005941,            0.005941,            0.005941
                  84,            0.035509,            0.029108,                   0,             0.94684,             0.86957,             0.87833,             0.59054,            0.028149,            0.011813,                   0,           0.0058915,           0.0058915,           0.0058915
                  85,            0.031952,            0.023574,                   0,             0.94555,             0.86957,             0.87471,             0.65982,            0.026826,            0.011644,                   0,            0.005842,            0.005842,            0.005842
                  86,             0.03239,            0.027035,                   0,             0.90321,             0.86957,             0.87456,             0.57667,            0.029076,              0.0117,                   0,           0.0057925,           0.0057925,           0.0057925
                  87,            0.036214,            0.026188,                   0,             0.81963,             0.86957,             0.85757,             0.59482,            0.027583,            0.012743,                   0,            0.005743,            0.005743,            0.005743
                  88,            0.032974,            0.027923,                   0,             0.81963,             0.86957,             0.85757,             0.59482,            0.027583,            0.012743,                   0,           0.0056935,           0.0056935,           0.0056935
                  89,            0.032898,            0.023463,                   0,             0.89144,             0.86957,             0.86835,              0.6312,            0.025209,            0.012946,                   0,            0.005644,            0.005644,            0.005644
                  90,             0.02935,            0.025005,                   0,             0.90861,             0.86474,             0.86822,             0.65714,            0.024359,            0.012778,                   0,           0.0055945,           0.0055945,           0.0055945
                  91,            0.035719,            0.027522,                   0,             0.90339,             0.86957,             0.86416,             0.60935,            0.026158,            0.012734,                   0,            0.005545,            0.005545,            0.005545
                  92,            0.033241,            0.021246,                   0,             0.90339,             0.86957,             0.86416,             0.60935,            0.026158,            0.012734,                   0,           0.0054955,           0.0054955,           0.0054955
                  93,            0.030451,            0.021442,                   0,             0.90013,             0.86957,             0.85811,             0.65399,            0.023379,            0.012584,                   0,            0.005446,            0.005446,            0.005446
                  94,            0.032356,            0.022976,                   0,             0.95157,             0.85474,             0.86292,             0.62339,            0.026767,            0.012272,                   0,           0.0053965,           0.0053965,           0.0053965
                  95,            0.035272,            0.023004,                   0,             0.95096,             0.86957,             0.86326,             0.57699,            0.024086,            0.012446,                   0,            0.005347,            0.005347,            0.005347
                  96,            0.030518,            0.025242,                   0,             0.95096,             0.86957,             0.86326,             0.57699,            0.024086,            0.012446,                   0,           0.0052975,           0.0052975,           0.0052975
                  97,            0.031314,            0.024088,                   0,             0.95231,             0.86835,             0.86206,             0.65885,            0.022017,            0.012209,                   0,            0.005248,            0.005248,            0.005248
                  98,             0.02741,            0.025252,                   0,             0.84827,             0.82609,             0.84169,              0.5985,             0.02583,             0.01232,                   0,           0.0051985,           0.0051985,           0.0051985
                  99,            0.031933,            0.023526,                   0,             0.95234,             0.86878,             0.86395,             0.61918,             0.02411,            0.012291,                   0,            0.005149,            0.005149,            0.005149
                 100,            0.033961,             0.02241,                   0,             0.95234,             0.86878,             0.86395,             0.61918,             0.02411,            0.012291,                   0,           0.0050995,           0.0050995,           0.0050995
                 101,            0.031295,            0.023217,                   0,             0.94986,             0.86957,             0.86502,             0.67029,            0.022675,            0.012305,                   0,             0.00505,             0.00505,             0.00505
                 102,            0.032009,            0.025621,                   0,             0.87823,             0.86957,             0.84711,             0.59341,            0.024587,            0.012301,                   0,           0.0050005,           0.0050005,           0.0050005
                 103,            0.031753,             0.02455,                   0,             0.94992,             0.86957,             0.86456,             0.68828,            0.022272,            0.012113,                   0,            0.004951,            0.004951,            0.004951
                 104,            0.032054,            0.024335,                   0,             0.94992,             0.86957,             0.86456,             0.68828,            0.022272,            0.012113,                   0,           0.0049015,           0.0049015,           0.0049015
                 105,            0.028684,            0.022026,                   0,             0.95209,             0.86427,             0.86196,             0.66731,            0.021701,            0.012325,                   0,            0.004852,            0.004852,            0.004852
                 106,            0.026355,            0.019809,                   0,             0.94861,             0.86957,             0.85876,             0.60742,            0.025427,            0.012765,                   0,           0.0048025,           0.0048025,           0.0048025
                 107,            0.031499,            0.024045,                   0,             0.94888,             0.86957,             0.85804,             0.65084,            0.023162,            0.012534,                   0,            0.004753,            0.004753,            0.004753
                 108,             0.03217,            0.021437,                   0,             0.94888,             0.86957,             0.85804,             0.65084,            0.023162,            0.012534,                   0,           0.0047035,           0.0047035,           0.0047035
                 109,             0.03202,            0.022462,                   0,             0.94355,             0.86957,             0.85365,             0.67843,            0.022354,            0.012999,                   0,            0.004654,            0.004654,            0.004654
                 110,            0.030026,            0.021735,                   0,             0.95217,             0.86563,             0.85842,             0.59407,            0.024336,             0.01307,                   0,           0.0046045,           0.0046045,           0.0046045
                 111,            0.030093,            0.019343,                   0,             0.94989,             0.82433,             0.85449,             0.66472,            0.024341,            0.013105,                   0,            0.004555,            0.004555,            0.004555
                 112,            0.026276,            0.024843,                   0,             0.94989,             0.82433,             0.85449,             0.66472,            0.024341,            0.013105,                   0,           0.0045055,           0.0045055,           0.0045055
                 113,            0.023713,            0.019264,                   0,             0.94377,             0.78261,             0.85223,             0.66669,            0.022474,            0.013419,                   0,            0.004456,            0.004456,            0.004456
                 114,            0.025609,             0.02269,                   0,             0.94714,             0.77922,             0.83943,             0.67348,            0.022968,             0.01397,                   0,           0.0044065,           0.0044065,           0.0044065
                 115,            0.030041,            0.021377,                   0,             0.93868,             0.82609,             0.82843,             0.59534,            0.023942,            0.014331,                   0,            0.004357,            0.004357,            0.004357
                 116,            0.028943,            0.024354,                   0,             0.93868,             0.82609,             0.82843,             0.59534,            0.023942,            0.014331,                   0,           0.0043075,           0.0043075,           0.0043075
                 117,            0.030238,            0.019146,                   0,              0.9492,             0.81294,             0.82471,             0.65687,            0.022774,            0.014828,                   0,            0.004258,            0.004258,            0.004258
                 118,            0.023595,            0.019248,                   0,             0.92772,             0.82609,              0.8227,             0.60986,            0.023751,            0.014608,                   0,           0.0042085,           0.0042085,           0.0042085
                 119,            0.027779,             0.02119,                   0,              0.9464,             0.82609,              0.8269,             0.61172,            0.025623,            0.014791,                   0,            0.004159,            0.004159,            0.004159
                 120,            0.027708,            0.020621,                   0,              0.9464,             0.82609,              0.8269,             0.61172,            0.025623,            0.014791,                   0,           0.0041095,           0.0041095,           0.0041095
                 121,            0.027439,            0.025719,                   0,             0.93729,             0.82609,             0.83373,             0.65672,            0.023521,            0.014253,                   0,             0.00406,             0.00406,             0.00406
                 122,            0.026695,            0.019883,                   0,             0.94985,             0.82353,             0.83074,             0.60538,            0.024301,            0.014057,                   0,           0.0040105,           0.0040105,           0.0040105
                 123,            0.025415,            0.021578,                   0,             0.94978,             0.82244,              0.8517,             0.63923,            0.022144,            0.013496,                   0,            0.003961,            0.003961,            0.003961
                 124,            0.022766,            0.015672,                   0,             0.94978,             0.82244,              0.8517,             0.63923,            0.022144,            0.013496,                   0,           0.0039115,           0.0039115,           0.0039115
                 125,            0.023492,            0.021669,                   0,             0.94993,             0.82492,             0.85504,             0.67338,            0.021355,            0.013234,                   0,            0.003862,            0.003862,            0.003862
                 126,            0.024023,            0.020721,                   0,             0.95196,             0.86181,             0.86339,             0.72094,            0.022012,            0.013105,                   0,           0.0038125,           0.0038125,           0.0038125
                 127,            0.026733,            0.019837,                   0,             0.90776,             0.85619,             0.86392,              0.6223,            0.024345,             0.01299,                   0,            0.003763,            0.003763,            0.003763
                 128,            0.026527,            0.020804,                   0,             0.90776,             0.85619,             0.86392,              0.6223,            0.024345,             0.01299,                   0,           0.0037135,           0.0037135,           0.0037135
                 129,            0.021986,            0.020947,                   0,             0.87782,             0.86957,             0.85949,             0.69023,            0.021052,            0.012914,                   0,            0.003664,            0.003664,            0.003664
                 130,            0.024114,            0.021905,                   0,             0.94908,             0.81086,             0.85815,             0.72637,            0.021102,            0.012983,                   0,           0.0036145,           0.0036145,           0.0036145
                 131,            0.022325,            0.017606,                   0,              0.9433,             0.82609,             0.85727,             0.65984,            0.023235,            0.012904,                   0,            0.003565,            0.003565,            0.003565
                 132,            0.028037,            0.019448,                   0,              0.9433,             0.82609,             0.85727,             0.65984,            0.023235,            0.012904,                   0,           0.0035155,           0.0035155,           0.0035155
                 133,             0.02643,            0.022342,                   0,             0.94891,             0.80808,             0.85491,             0.69282,            0.022637,            0.013133,                   0,            0.003466,            0.003466,            0.003466
                 134,            0.023682,            0.018533,                   0,             0.94695,             0.77645,             0.84746,             0.70184,            0.020951,            0.013468,                   0,           0.0034165,           0.0034165,           0.0034165
                 135,            0.026705,            0.018353,                   0,             0.90052,             0.82609,              0.8556,             0.63412,            0.022963,            0.013423,                   0,            0.003367,            0.003367,            0.003367
                 136,            0.024346,            0.020252,                   0,             0.90052,             0.82609,              0.8556,             0.63412,            0.022963,            0.013423,                   0,           0.0033175,           0.0033175,           0.0033175
                 137,            0.024605,             0.02033,                   0,             0.89726,             0.82609,             0.85533,             0.67275,            0.021973,            0.013709,                   0,            0.003268,            0.003268,            0.003268
                 138,             0.02306,            0.021638,                   0,             0.90835,             0.86217,              0.8632,             0.70225,            0.020921,            0.012728,                   0,           0.0032185,           0.0032185,           0.0032185
                 139,              0.0217,            0.018316,                   0,             0.90871,             0.86574,             0.86177,             0.61804,            0.023952,            0.012913,                   0,            0.003169,            0.003169,            0.003169
                 140,            0.028752,            0.019573,                   0,             0.90871,             0.86574,             0.86177,             0.61804,            0.023952,            0.012913,                   0,           0.0031195,           0.0031195,           0.0031195
                 141,            0.025559,            0.017375,                   0,             0.95209,             0.86419,             0.86312,             0.67756,            0.022005,            0.012783,                   0,             0.00307,             0.00307,             0.00307
                 142,            0.024797,            0.021137,                   0,             0.94443,             0.82609,             0.86082,             0.65905,            0.022738,            0.012864,                   0,           0.0030205,           0.0030205,           0.0030205
                 143,            0.027144,            0.021706,                   0,              0.9521,              0.8645,             0.86371,             0.71986,            0.021475,            0.012888,                   0,            0.002971,            0.002971,            0.002971
                 144,            0.022879,            0.023528,                   0,              0.9521,              0.8645,             0.86371,             0.71986,            0.021475,            0.012888,                   0,           0.0029215,           0.0029215,           0.0029215
                 145,            0.021646,            0.017993,                   0,              0.9521,             0.86451,              0.8629,              0.7164,            0.021289,            0.012784,                   0,            0.002872,            0.002872,            0.002872
                 146,            0.022028,            0.019721,                   0,             0.95204,             0.86333,             0.86103,             0.70553,            0.022187,            0.012725,                   0,           0.0028225,           0.0028225,           0.0028225
                 147,            0.023872,            0.022011,                   0,             0.95209,             0.86418,             0.86097,             0.67002,            0.022603,            0.012896,                   0,            0.002773,            0.002773,            0.002773
                 148,            0.025192,            0.022743,                   0,             0.95209,             0.86418,             0.86097,             0.67002,            0.022603,            0.012896,                   0,           0.0027235,           0.0027235,           0.0027235
                 149,            0.021657,            0.016037,                   0,             0.95223,             0.86957,             0.85979,             0.67672,            0.021499,            0.012958,                   0,            0.002674,            0.002674,            0.002674
                 150,            0.021061,            0.020191,                   0,              0.9485,             0.86957,             0.85872,             0.68107,            0.021792,            0.013256,                   0,           0.0026245,           0.0026245,           0.0026245
                 151,            0.029386,            0.019176,                   0,             0.95157,             0.85471,             0.85782,             0.68376,            0.022051,            0.013365,                   0,            0.002575,            0.002575,            0.002575
                 152,            0.024134,            0.021488,                   0,             0.95157,             0.85471,             0.85782,             0.68376,            0.022051,            0.013365,                   0,           0.0025255,           0.0025255,           0.0025255
                 153,            0.020482,             0.01749,                   0,             0.94907,             0.81076,             0.85601,             0.69476,            0.021094,            0.013506,                   0,            0.002476,            0.002476,            0.002476
                 154,            0.021602,            0.017263,                   0,             0.91396,             0.78261,             0.85003,             0.71338,            0.020269,            0.013685,                   0,           0.0024265,           0.0024265,           0.0024265
                 155,            0.020837,            0.016775,                   0,             0.95166,             0.85635,             0.85735,             0.73057,             0.01955,            0.013395,                   0,            0.002377,            0.002377,            0.002377
                 156,            0.021628,            0.024832,                   0,             0.95166,             0.85635,             0.85735,             0.73057,             0.01955,            0.013395,                   0,           0.0023275,           0.0023275,           0.0023275
                 157,            0.019782,             0.01506,                   0,             0.94761,             0.82609,             0.85537,             0.72679,            0.019558,            0.013356,                   0,            0.002278,            0.002278,            0.002278
                 158,            0.021826,            0.019619,                   0,             0.94951,             0.81807,             0.85279,             0.71092,            0.019893,            0.013465,                   0,           0.0022285,           0.0022285,           0.0022285
                 159,            0.020355,              0.0184,                   0,             0.94862,             0.82609,             0.85538,             0.71226,            0.020767,            0.013249,                   0,            0.002179,            0.002179,            0.002179
                 160,               0.022,            0.018231,                   0,             0.94862,             0.82609,             0.85538,             0.71226,            0.020767,            0.013249,                   0,           0.0021295,           0.0021295,           0.0021295
                 161,            0.021136,            0.017967,                   0,             0.95217,             0.86578,             0.85779,             0.73338,            0.020215,            0.013033,                   0,             0.00208,             0.00208,             0.00208
                 162,            0.018353,            0.018716,                   0,             0.93298,             0.86957,             0.85634,             0.72702,            0.020022,            0.012827,                   0,           0.0020305,           0.0020305,           0.0020305
                 163,            0.018495,            0.018835,                   0,             0.94072,             0.86957,             0.85651,             0.72964,            0.020167,            0.012826,                   0,            0.001981,            0.001981,            0.001981
                 164,            0.020915,            0.019002,                   0,             0.94072,             0.86957,             0.85651,             0.72964,            0.020167,            0.012826,                   0,           0.0019315,           0.0019315,           0.0019315
                 165,            0.019635,             0.01529,                   0,             0.93655,             0.86957,             0.85695,             0.73812,            0.019399,            0.012908,                   0,            0.001882,            0.001882,            0.001882
                 166,            0.018206,            0.015837,                   0,             0.93273,             0.86957,             0.85637,             0.70335,            0.020087,            0.013032,                   0,           0.0018325,           0.0018325,           0.0018325
                 167,            0.020214,             0.01566,                   0,             0.93059,             0.86957,             0.85823,             0.72442,            0.019744,            0.013129,                   0,            0.001783,            0.001783,            0.001783
                 168,            0.019592,            0.014801,                   0,             0.93059,             0.86957,             0.85823,             0.72442,            0.019744,            0.013129,                   0,           0.0017335,           0.0017335,           0.0017335
                 169,             0.02127,            0.020168,                   0,             0.90669,             0.86957,             0.85893,             0.72883,            0.019342,            0.013075,                   0,            0.001684,            0.001684,            0.001684
                 170,            0.018038,            0.013219,                   0,             0.90542,             0.86957,             0.85722,             0.73236,            0.019106,             0.01296,                   0,           0.0016345,           0.0016345,           0.0016345
                 171,            0.017826,            0.016746,                   0,             0.91742,             0.86957,              0.8598,             0.73188,            0.019317,            0.012928,                   0,            0.001585,            0.001585,            0.001585
                 172,            0.019356,            0.016852,                   0,             0.91742,             0.86957,              0.8598,             0.73188,            0.019317,            0.012928,                   0,           0.0015355,           0.0015355,           0.0015355
                 173,             0.01761,            0.017934,                   0,             0.89482,             0.86957,             0.85806,             0.73054,            0.019249,            0.012801,                   0,            0.001486,            0.001486,            0.001486
                 174,            0.020268,            0.020954,                   0,             0.90895,             0.86818,              0.8577,             0.72068,            0.019673,            0.012804,                   0,           0.0014365,           0.0014365,           0.0014365
                 175,             0.02096,            0.016562,                   0,             0.90849,             0.86351,             0.85996,              0.7301,            0.019122,            0.012708,                   0,            0.001387,            0.001387,            0.001387
                 176,            0.019829,            0.020537,                   0,             0.90849,             0.86351,             0.85996,              0.7301,            0.019122,            0.012708,                   0,           0.0013375,           0.0013375,           0.0013375
                 177,            0.019702,            0.022199,                   0,             0.90797,             0.85827,             0.85755,             0.70971,            0.019089,              0.0125,                   0,            0.001288,            0.001288,            0.001288
                 178,            0.017452,            0.017269,                   0,             0.90774,             0.85596,             0.86002,             0.71429,            0.020031,            0.012465,                   0,           0.0012385,           0.0012385,           0.0012385
                 179,            0.020138,            0.014807,                   0,             0.90792,             0.85779,             0.86078,             0.70895,            0.019778,            0.012316,                   0,            0.001189,            0.001189,            0.001189
                 180,            0.019151,            0.015343,                   0,             0.90792,             0.85779,             0.86078,             0.70895,            0.019778,            0.012316,                   0,           0.0011395,           0.0011395,           0.0011395
                 181,            0.019486,            0.021533,                   0,             0.89877,             0.86957,             0.85921,             0.72488,            0.019636,            0.012283,                   0,             0.00109,             0.00109,             0.00109
                 182,            0.021426,            0.020172,                   0,             0.89866,             0.86957,             0.85938,             0.72357,            0.019499,            0.012353,                   0,           0.0010405,           0.0010405,           0.0010405
                 183,            0.020064,             0.01447,                   0,             0.89801,             0.86957,             0.86409,             0.72863,            0.019698,            0.012364,                   0,            0.000991,            0.000991,            0.000991
                 184,            0.018946,            0.017202,                   0,             0.89801,             0.86957,             0.86409,             0.72863,            0.019698,            0.012364,                   0,           0.0009415,           0.0009415,           0.0009415
                 185,            0.020241,            0.018977,                   0,             0.90089,             0.86957,             0.86563,             0.72682,            0.019972,             0.01238,                   0,            0.000892,            0.000892,            0.000892
                 186,            0.019549,             0.01743,                   0,             0.90369,             0.86957,             0.86626,              0.7265,            0.019746,            0.012322,                   0,           0.0008425,           0.0008425,           0.0008425
                 187,            0.020295,            0.018457,                   0,             0.90448,             0.86957,             0.86458,             0.72514,             0.01959,            0.012169,                   0,            0.000793,            0.000793,            0.000793
                 188,            0.020292,            0.017325,                   0,             0.90448,             0.86957,             0.86458,             0.72514,             0.01959,            0.012169,                   0,           0.0007435,           0.0007435,           0.0007435
                 189,            0.021472,            0.016675,                   0,             0.90427,             0.86957,             0.86618,             0.72967,             0.01966,            0.012077,                   0,            0.000694,            0.000694,            0.000694
                 190,            0.019212,             0.01648,                   0,             0.90154,             0.86957,              0.8658,             0.72855,            0.019725,            0.012057,                   0,           0.0006445,           0.0006445,           0.0006445
                 191,            0.018518,            0.014338,                   0,              0.8995,             0.86957,             0.86646,             0.74047,            0.019215,            0.012011,                   0,            0.000595,            0.000595,            0.000595
                 192,            0.019921,             0.01768,                   0,              0.8995,             0.86957,             0.86646,             0.74047,            0.019215,            0.012011,                   0,           0.0005455,           0.0005455,           0.0005455
                 193,            0.017286,            0.015539,                   0,             0.90029,             0.86957,             0.86714,             0.74867,            0.019185,            0.012054,                   0,            0.000496,            0.000496,            0.000496
                 194,             0.02064,            0.020639,                   0,             0.89748,             0.86957,             0.86727,             0.74091,            0.019164,            0.012031,                   0,           0.0004465,           0.0004465,           0.0004465
                 195,            0.019399,            0.019911,                   0,              0.8968,             0.86957,             0.86786,             0.74351,            0.019094,            0.012141,                   0,            0.000397,            0.000397,            0.000397
                 196,            0.016596,            0.016064,                   0,              0.8968,             0.86957,             0.86786,             0.74351,            0.019094,            0.012141,                   0,           0.0003475,           0.0003475,           0.0003475
                 197,            0.018848,            0.021076,                   0,              0.9012,             0.86957,             0.86849,             0.73999,            0.019181,            0.012344,                   0,            0.000298,            0.000298,            0.000298
                 198,            0.017408,              0.0151,                   0,             0.89965,             0.86957,             0.86799,             0.73244,            0.019195,             0.01239,                   0,           0.0002485,           0.0002485,           0.0002485
                 199,            0.020847,            0.019878,                   0,              0.9051,             0.86957,             0.86762,             0.72561,            0.019186,            0.012412,                   0,            0.000199,            0.000199,            0.000199
